"Status","Start Time","Stop Time","Duration in ms","Parent Suite","Suite","Sub Suite","Test Class","Test Method","Name","Description"
"broken","Tue Feb 02 21:26:34 CST 2021","Tue Feb 02 21:26:34 CST 2021","1","","test_calc_new","TestCalc","","","test_div[failed]",""
"passed","Tue Feb 02 21:26:34 CST 2021","Tue Feb 02 21:26:34 CST 2021","0","","test_calc_new","TestCalc","","","test_div[int]",""
"passed","Tue Feb 02 21:26:34 CST 2021","Tue Feb 02 21:26:34 CST 2021","1","","test_calc_new","TestCalc","","","test_div[float2]",""
"passed","Tue Feb 02 21:26:34 CST 2021","Tue Feb 02 21:26:34 CST 2021","0","","test_calc_new","TestCalc","","","test_mul[float]",""
"passed","Tue Feb 02 21:26:34 CST 2021","Tue Feb 02 21:26:34 CST 2021","0","","test_calc_new","TestCalc","","","test_sub[negative1]",""
"passed","Tue Feb 02 21:26:34 CST 2021","Tue Feb 02 21:26:34 CST 2021","1","","test_calc_new","TestCalc","","","test_add[int]",""
"passed","Tue Feb 02 21:26:34 CST 2021","Tue Feb 02 21:26:34 CST 2021","0","","test_calc_new","TestCalc","","","test_add[float]",""
"passed","Tue Feb 02 21:26:34 CST 2021","Tue Feb 02 21:26:34 CST 2021","0","","test_calc_new","TestCalc","","","test_div[negative1]",""
"passed","Tue Feb 02 21:26:34 CST 2021","Tue Feb 02 21:26:34 CST 2021","1","","test_calc_new","TestCalc","","","test_mul[float_int]",""
"passed","Tue Feb 02 21:26:34 CST 2021","Tue Feb 02 21:26:34 CST 2021","1","","test_calc_new","TestCalc","","","test_mul[bigint]",""
"passed","Tue Feb 02 21:26:34 CST 2021","Tue Feb 02 21:26:34 CST 2021","1","","test_calc_new","TestCalc","","","test_add[negative]",""
"passed","Tue Feb 02 21:26:34 CST 2021","Tue Feb 02 21:26:34 CST 2021","1","","test_calc_new","TestCalc","","","test_div[float1]",""
"passed","Tue Feb 02 21:26:34 CST 2021","Tue Feb 02 21:26:34 CST 2021","1","","test_calc_new","TestCalc","","","test_div[negative2]",""
"passed","Tue Feb 02 21:26:34 CST 2021","Tue Feb 02 21:26:34 CST 2021","1","","test_calc_new","TestCalc","","","test_mul[negative]",""
"passed","Tue Feb 02 21:26:34 CST 2021","Tue Feb 02 21:26:34 CST 2021","0","","test_calc_new","TestCalc","","","test_mul[int]",""
"passed","Tue Feb 02 21:26:34 CST 2021","Tue Feb 02 21:26:34 CST 2021","0","","test_calc_new","TestCalc","","","test_div[bigint]",""
"failed","Tue Feb 02 21:26:34 CST 2021","Tue Feb 02 21:26:34 CST 2021","1","","test_calc_new","TestCalc","","","test_sub[failed]",""
"passed","Tue Feb 02 21:26:34 CST 2021","Tue Feb 02 21:26:34 CST 2021","1","","test_calc_new","TestCalc","","","test_add[bigint]",""
"passed","Tue Feb 02 21:26:34 CST 2021","Tue Feb 02 21:26:34 CST 2021","0","","test_calc_new","TestCalc","","","test_sub[bigint]",""
"passed","Tue Feb 02 21:26:34 CST 2021","Tue Feb 02 21:26:34 CST 2021","1","","test_calc_new","TestCalc","","","test_mul[int_bigint]",""
"failed","Tue Feb 02 21:26:34 CST 2021","Tue Feb 02 21:26:34 CST 2021","0","","test_calc_new","TestCalc","","","test_add[failed]",""
"passed","Tue Feb 02 21:26:34 CST 2021","Tue Feb 02 21:26:34 CST 2021","0","","test_calc_new","TestCalc","","","test_sub[int2]",""
"failed","Tue Feb 02 21:26:34 CST 2021","Tue Feb 02 21:26:34 CST 2021","1","","test_calc_new","TestCalc","","","test_mul[failed]",""
"passed","Tue Feb 02 21:26:34 CST 2021","Tue Feb 02 21:26:34 CST 2021","0","","test_calc_new","TestCalc","","","test_sub[float]",""
"passed","Tue Feb 02 21:26:34 CST 2021","Tue Feb 02 21:26:34 CST 2021","1","","test_calc_new","TestCalc","","","test_sub[int1]",""
"passed","Tue Feb 02 21:26:34 CST 2021","Tue Feb 02 21:26:34 CST 2021","0","","test_calc_new","TestCalc","","","test_sub[negative2]",""
"passed","Tue Feb 02 21:26:34 CST 2021","Tue Feb 02 21:26:34 CST 2021","0","","test_calc_new","TestCalc","","","test_mul[negative_int]",""
